food_truck,web,twitter,Yelp
D & T Catering,,,
BH & MT LLC,,,
SF Cart Project,,,
Yummy Hot Dogs,,,
Tacos El Flaco,,,https://www.yelp.com/biz/tacos-el-flaco-san-francisco
La Jefa,https://lajefatacotruck.com/,,https://www.yelp.com/biz/la-jefa-taco-truck-san-francisco-6
Faith Sandwich,,,https://www.yelp.com/biz/faith-sandwiches-san-francisco
Senor Sisig,http://www.senorsisig.com/,https://twitter.com/senorsisig,https://www.yelp.com/biz/se%C3%B1or-sisig-san-francisco-3
El Calamar Perubian Food Truck,,https://twitter.com/Elcalamarsf,https://www.yelp.com/biz/el-calamar-san-francisco-3
Paradise Catering,,,
"Chairman SF, LLC",http://www.hailthechairman.com/sftruck/,https://twitter.com/chairmantruck,https://www.yelp.com/biz/the-chairman-truck-san-francisco
Anas Goodies Catering,,,
Kettle Corn Star,,,https://www.yelp.com/biz/kettle-corn-star-san-francisco
The Chai Cart,http://www.thechaicart.com/,https://twitter.com/TheChaiCart,https://www.yelp.com/biz/the-chai-cart-san-francisco-5
Liang Bai Ping,,,
Buenafe,,,
Eva's Catering,,,https://www.yelp.com/biz/the-wonton-stand-food-truck-evas-catering-san-francisco
JapaCurry,http://japacurry.com/,https://twitter.com/JapaCurry,
Natan's Catering,,,
"Off the Grid Services, LLC",https://offthegrid.com/,https://twitter.com/otgsf,
"Viet Duong Co., Ltd.",,,https://www.yelp.com/biz/viet-duong-san-francisco
Subs on Hubs,http://subsonhubs.com/,https://twitter.com/subsonhubs,https://www.yelp.com/biz/subs-on-hubs-san-francisco-2
Tacos El Ojo De Agua,http://tacosojodeagua.cloudaccess.host/,,https://www.yelp.com/biz/el-ojo-de-agua-san-francisco-3
Steve's Mobile Deli,,,
"San Francisco Street Foods, Inc.",,,
Two G's Catering,,,
"San Francisco Carts & Concessions, Inc. DBA Stanley's Steamers Hot Dogs",,,
Halal Cart of San Francisco,http://thehalalcart.com/,https://twitter.com/halalcartsf,https://www.yelp.com/biz/halal-cart-san-francisco
Munch India,http://munchindia.com/,https://twitter.com/munchindia,https://www.yelp.com/biz/munch-india-bay-area
DO UC US Mobile Catering,,,
May Catering,,,
"Kabob Trolley, LLC",http://www.kabobtrolley.com/,https://twitter.com/KabobTrolley,https://www.yelp.com/biz/kabob-trolley-san-francisco-7
Philz Coffee Truck,https://www.philzcoffee.com/,https://twitter.com/PhilzTruck,https://www.yelp.com/biz/philz-coffee-truck-san-francisco
San Pancho's Tacos,,,https://www.yelp.com/biz/san-panchos-tacos-san-francisco
Think is Good Inc.,,,
"Halal Cart, LLC",http://thehalalcart.com/,https://twitter.com/halalcartsf,https://www.yelp.com/biz/halal-cart-san-francisco
Quan Catering,,,
"Casey's Pizza, LLC",http://www.caseyspizzas.com/,https://twitter.com/CaseysPizza,https://www.yelp.com/biz/caseys-pizza-truck-san-francisco-11
Park's Catering,,,
Sanguchon,http://www.sanguchonsf.com/,https://twitter.com/Sanguchon_SF,https://www.yelp.com/biz/sanguch%C3%B3n-peruvian-food-truck-san-francisco-7?osq=Sanguchon%2BPeruvian%2BFood%2BTruck
John's Catering #5,,,https://www.yelp.com/biz/johns-catering-san-francisco
Creme Brulee To Go,,,
The Huge Hotdog Concession,,,
Giant Burrito,,,https://www.yelp.com/biz/giant-burrito-san-francisco
"Slider Shack, LLC.",http://www.slidershacksf.com/,https://twitter.com/slidershacksf,https://www.yelp.com/biz/slider-shack-san-francisco?osq=Slider+Shack
Tacos Santana,,,https://www.yelp.com/biz/tacos-santana-taco-truck-san-francisco
Plaza Garibaldy,http://www.plazagaribaldysf.com/,,https://www.yelp.com/biz/plaza-garibaldy-san-francisco
Roadside Rotisserie Corporation / Country Grill,http://roadsidesf.com/,https://twitter.com/Countrygrillusa,https://www.yelp.com/biz/country-grill-san-francisco-2?osq=Country+Grill
Mini Mobile Food Catering,,,
F & C Catering,,,https://www.yelp.com/biz/f-and-c-catering-south-san-francisco
"The New York Frankfurter Co. of CA, Inc. DBA: Annie's Hot Dogs",http://www.annieshotdogs.com/,https://twitter.com/AnniesHotDogs,https://www.yelp.com/biz/annies-hot-dogs-and-pretzels-san-francisco-2?osq=Annie%27s+Hot+Dogs
Hiyaaa,http://www.hiyaaa.net/,https://twitter.com/hiyaaaroll,https://www.yelp.com/biz/hiyaaa-south-san-francisco?osq=Hiyaaa
Munch A Bunch,,,
Mike's Catering,,,
Linda's Catering,https://www.lindascatering.net/,,https://www.yelp.com/biz/lindas-catering-san-francisco
El Gallo Jiro,,,https://www.yelp.com/biz/el-gallo-giro-taco-truck-san-francisco-4?osq=El+Gallo+Jiro
"Bay Area Dots, LLC",,,
CARDONA'S FOOD TRUCK,,,
Curry Up Now,http://www.curryupnow.com/,https://twitter.com/CurryUpNow,https://www.yelp.com/biz/curry-up-now-redwood-city?osq=Curry+Up+Now
Let's Be Frank,http://letsbefrankdogs.com/dog/,https://twitter.com/letsbefrank,https://www.yelp.com/biz/lets-be-frank-san-francisco-6?osq=Let%27s+Be+Frank
Scotch Bonnet,http://www.scotchbonnet.us/,https://twitter.com/ScotchBonnet510,https://www.yelp.com/biz/scotch-bonnet-food-truck-oakland?osq=Scotch+Bonnet
"Santana ESG, Inc.",,,
Akuranvyka USA Inc,,,
Tres Agaves Mexican Kitchen & Tequila Lounge LLC. dba Tres Truck,http://tressf.com/,https://twitter.com/TresTruck,https://www.yelp.com/biz/tres-truck-san-francisco-4?osq=Tres+Truck
Golden Catering,,,