food_truck,rank
D & T Catering,4
BH & MT LLC,18
SF Cart Project,47
Yummy Hot Dogs,27
Tacos El Flaco,11
La Jefa,17
Faith Sandwich,31
Senor Sisig,64
El Calamar Perubian Food Truck,6
Paradise Catering,38
"Chairman SF, LLC",37
Anas Goodies Catering,12
Kettle Corn Star,16
The Chai Cart,42
Liang Bai Ping,32
Buenafe,7
Eva's Catering,24
JapaCurry,54
Natan's Catering,57
"Off the Grid Services, LLC",49
"Viet Duong Co., Ltd.",50
Subs on Hubs,56
Tacos El Ojo De Agua,15
Steve's Mobile Deli,63
"San Francisco Street Foods, Inc.",39
Two G's Catering,44
"San Francisco Carts & Concessions, Inc. DBA Stanley's Steamers Hot Dogs",5
Halal Cart of San Francisco,45
Munch India,14
DO UC US Mobile Catering,33
May Catering,23
"Kabob Trolley, LLC",8
Philz Coffee Truck,29
San Pancho's Tacos,62
Think is Good Inc.,41
"Halal Cart, LLC",2
Quan Catering,61
"Casey's Pizza, LLC",65
Park's Catering,59
Sanguchon,22
John's Catering #5,26
Creme Brulee To Go,3
The Huge Hotdog Concession,9
Giant Burrito,48
"Slider Shack, LLC.",25
Tacos Santana,30
Plaza Garibaldy,58
Roadside Rotisserie Corporation / Country Grill,43
Mini Mobile Food Catering,55
F & C Catering,20
"The New York Frankfurter Co. of CA, Inc. DBA: Annie's Hot Dogs",10
Hiyaaa,40
Munch A Bunch,34
Mike's Catering,46
Linda's Catering,28
El Gallo Jiro,21
"Bay Area Dots, LLC",1
CARDONA'S FOOD TRUCK,51
Curry Up Now,53
Let's Be Frank,36
Scotch Bonnet,52
"Santana ESG, Inc.",60
Akuranvyka USA Inc,19
Tres Agaves Mexican Kitchen & Tequila Lounge LLC. dba Tres Truck,35
Golden Catering,13
